{"assets/fonts/OutfitBold.ttf":["assets/fonts/OutfitBold.ttf"],"assets/fonts/OutfitLight.ttf":["assets/fonts/OutfitLight.ttf"],"assets/fonts/OutfitMedium.ttf":["assets/fonts/OutfitMedium.ttf"],"assets/fonts/OutfitRegular.ttf":["assets/fonts/OutfitRegular.ttf"],"assets/fonts/OutfitThin.ttf":["assets/fonts/OutfitThin.ttf"],"assets/images/AppTheme.png":["assets/images/AppTheme.png"],"assets/images/Applanguage.png":["assets/images/Applanguage.png"],"assets/images/BookBackImage.png":["assets/images/BookBackImage.png"],"assets/images/BookFinish.png":["assets/images/BookFinish.png"],"assets/images/CheckBox.png":["assets/images/CheckBox.png"],"assets/images/Checked.png":["assets/images/Checked.png"],"assets/images/Clock.png":["assets/images/Clock.png"],"assets/images/ContactUs.png":["assets/images/ContactUs.png"],"assets/images/Contact_Us.png":["assets/images/Contact_Us.png"],"assets/images/DownArrow.png":["assets/images/DownArrow.png"],"assets/images/Frame136.png":["assets/images/Frame136.png"],"assets/images/Home.png":["assets/images/Home.png"],"assets/images/Ideas.png":["assets/images/Ideas.png"],"assets/images/Library.png":["assets/images/Library.png"],"assets/images/Lock.png":["assets/images/Lock.png"],"assets/images/My_History.png":["assets/images/My_History.png"],"assets/images/My_Library.png":["assets/images/My_Library.png"],"assets/images/Presonalisation.png":["assets/images/Presonalisation.png"],"assets/images/ProfileIcon.png":["assets/images/ProfileIcon.png"],"assets/images/ReadBook.png":["assets/images/ReadBook.png"],"assets/images/SaveAllBook.png":["assets/images/SaveAllBook.png"],"assets/images/Search.png":["assets/images/Search.png"],"assets/images/SelectedLibrary.png":["assets/images/SelectedLibrary.png"],"assets/images/SelectedProfile.png":["assets/images/SelectedProfile.png"],"assets/images/Share.png":["assets/images/Share.png"],"assets/images/SlectedHome.png":["assets/images/SlectedHome.png"],"assets/images/SlectedSearch.png":["assets/images/SlectedSearch.png"],"assets/images/TextImage.png":["assets/images/TextImage.png"],"assets/images/categories.png":["assets/images/categories.png"],"assets/images/contentlanguage.png":["assets/images/contentlanguage.png"],"assets/images/explore.png":["assets/images/explore.png"],"assets/images/favourites.png":["assets/images/favourites.png"],"assets/images/finished.png":["assets/images/finished.png"],"assets/images/for_me.png":["assets/images/for_me.png"],"assets/images/image_not_found.png":["assets/images/image_not_found.png"],"assets/images/imgUillock.png":["assets/images/imgUillock.png"],"assets/images/img_.svg":["assets/images/img_.svg"],"assets/images/img_akariconshomealt1.svg":["assets/images/img_akariconshomealt1.svg"],"assets/images/img_akariconssearch.svg":["assets/images/img_akariconssearch.svg"],"assets/images/img_akariconssearch_onprimary.svg":["assets/images/img_akariconssearch_onprimary.svg"],"assets/images/img_arrowleft.svg":["assets/images/img_arrowleft.svg"],"assets/images/img_arrowleft_blue_gray_50.svg":["assets/images/img_arrowleft_blue_gray_50.svg"],"assets/images/img_arrowright.svg":["assets/images/img_arrowright.svg"],"assets/images/img_arrowright_teal_400.svg":["assets/images/img_arrowright_teal_400.svg"],"assets/images/img_bookmark.svg":["assets/images/img_bookmark.svg"],"assets/images/img_bookmark_onprimary.svg":["assets/images/img_bookmark_onprimary.svg"],"assets/images/img_car.svg":["assets/images/img_car.svg"],"assets/images/img_checkmark.svg":["assets/images/img_checkmark.svg"],"assets/images/img_checkmark_primary.svg":["assets/images/img_checkmark_primary.svg"],"assets/images/img_checkmark_teal_400.svg":["assets/images/img_checkmark_teal_400.svg"],"assets/images/img_computer.svg":["assets/images/img_computer.svg"],"assets/images/img_e50c016fb6a84.png":["assets/images/img_e50c016fb6a84.png"],"assets/images/img_e50c016fb6a84_1.png":["assets/images/img_e50c016fb6a84_1.png"],"assets/images/img_e50c016fb6a84_106x74.png":["assets/images/img_e50c016fb6a84_106x74.png"],"assets/images/img_e50c016fb6a84_145x100.png":["assets/images/img_e50c016fb6a84_145x100.png"],"assets/images/img_e50c016fb6a84_163x115.png":["assets/images/img_e50c016fb6a84_163x115.png"],"assets/images/img_e50c016fb6a84_2.png":["assets/images/img_e50c016fb6a84_2.png"],"assets/images/img_e50c016fb6a84_3.png":["assets/images/img_e50c016fb6a84_3.png"],"assets/images/img_e50c016fb6a84_4.png":["assets/images/img_e50c016fb6a84_4.png"],"assets/images/img_e50c016fb6a84_5.png":["assets/images/img_e50c016fb6a84_5.png"],"assets/images/img_e50c016fb6a84_54x37.png":["assets/images/img_e50c016fb6a84_54x37.png"],"assets/images/img_e50c016fb6a84_6.png":["assets/images/img_e50c016fb6a84_6.png"],"assets/images/img_e50c016fb6a84_7.png":["assets/images/img_e50c016fb6a84_7.png"],"assets/images/img_eye.svg":["assets/images/img_eye.svg"],"assets/images/img_facebook.svg":["assets/images/img_facebook.svg"],"assets/images/img_ggread.svg":["assets/images/img_ggread.svg"],"assets/images/img_group_1171274896.svg":["assets/images/img_group_1171274896.svg"],"assets/images/img_image_2.png":["assets/images/img_image_2.png"],"assets/images/img_lock.svg":["assets/images/img_lock.svg"],"assets/images/img_lock_teal_400.svg":["assets/images/img_lock_teal_400.svg"],"assets/images/img_mail.svg":["assets/images/img_mail.svg"],"assets/images/img_megaphone.svg":["assets/images/img_megaphone.svg"],"assets/images/img_offer.svg":["assets/images/img_offer.svg"],"assets/images/img_qrcode.svg":["assets/images/img_qrcode.svg"],"assets/images/img_refresh.svg":["assets/images/img_refresh.svg"],"assets/images/img_search_gray_400.svg":["assets/images/img_search_gray_400.svg"],"assets/images/img_settings.svg":["assets/images/img_settings.svg"],"assets/images/img_trash.svg":["assets/images/img_trash.svg"],"assets/images/img_uilpluscircle.svg":["assets/images/img_uilpluscircle.svg"],"assets/images/img_uilreload.svg":["assets/images/img_uilreload.svg"],"assets/images/img_union.svg":["assets/images/img_union.svg"],"assets/images/img_user.svg":["assets/images/img_user.svg"],"assets/images/img_wifi.svg":["assets/images/img_wifi.svg"],"assets/images/inReed.png":["assets/images/inReed.png"],"assets/images/in_Progress.png":["assets/images/in_Progress.png"],"assets/images/likeIcon.png":["assets/images/likeIcon.png"],"assets/images/option.png":["assets/images/option.png"],"assets/images/popular.png":["assets/images/popular.png"],"assets/images/profile.png":["assets/images/profile.png"],"assets/images/profile_image.png":["assets/images/profile_image.png"],"assets/images/recently_added.png":["assets/images/recently_added.png"],"assets/images/similar_books.png":["assets/images/similar_books.png"],"assets/images/top_search.png":["assets/images/top_search.png"],"assets/images/uil_pluscircle.png":["assets/images/uil_pluscircle.png"]}